,Loại tin,Mã tin,Link,Diện tích,Mức giá,Hướng nhà,Số tầng,Số phòng ngủ,Số toilet,Pháp lý,Nội thất,Title,Address,Đường vào,Mặt tiền,Check,Ngày đăng,Ngày hết hạn,"Số phòng tắm, vệ sinh",Hướng ban công
0,Tin VIP Kim Cương,42192059,https://batdongsan.com.vn/ban-nha-mat-pho-duong-nguyen-gia-thieu-phuong-vo-thi-sau/sieu-pham-toa-mt-q3-27x40-ham-9-tang-cn-1000m2-dts-5000m2-chi-550-ty-pr42192059,1.000 m²,550 tỷ,,10 tầng,,,Sổ đỏ/ Sổ hồng,Đầy đủ,Siêu phẩm tòa nhà MT Nguyễn Gia Thiều Q3 - 27x40 - hầm 9 tầng - CN 1000m2 - DTS 5000m2 - chỉ 550 tỷ,"Đường Nguyễn Gia Thiều, Phường Võ Thị Sáu, Quận 3, Hồ Chí Minh",,,Chưa Xác Thực,17/02/2025,24/02/2025,,
1,Tin VIP Kim Cương,42113115,https://batdongsan.com.vn/ban-nha-mat-pho-duong-lac-long-quan-phuong-5-13/ban-tien-298-5-11-tp-hcm-12-ty-48-m2-pr42113115,"16,4 m²",12 tỷ,Tây,2 tầng,3 phòng,,Sổ đỏ/ Sổ hồng,Cơ bản.,"Bán nhà mặt tiền 298 Lạc Long Quân Phường 5, Quận 11, TP. HCM, 12 tỷ, DTSD 48m2","298, Đường Lạc Long Quân, Phường 5, Quận 11, Hồ Chí Minh",8 m,6 m,TIN XÁC THỰC,17/02/2025,27/02/2025,3 phòng,Tây
2,Tin VIP Kim Cương,42174116,https://batdongsan.com.vn/ban-nha-mat-pho-duong-nam-ky-khoi-nghia-phuong-vo-thi-sau/ban-toa-building-van-phong-2-tien-q3-15-x-22-ham-7-tang-170-ty-pr42174116,280 m²,170 tỷ,,7 tầng,,,Sổ đỏ/ Sổ hồng,Đầy đủ,"Bán Tòa Nhà BuilDing - Văn Phòng 2 Mặt Tiền Nam Kỳ Khởi Nghĩa Q3 , ( 15 x 22 )- Hầm 7 Tầng - 170 tỷ","Đường Nam Kỳ Khởi Nghĩa, Phường Võ Thị Sáu, Quận 3, Hồ Chí Minh",,,Chưa Xác Thực,15/02/2025,25/02/2025,,
3,Tin thường,40234099,https://batdongsan.com.vn/ban-nha-mat-pho-duong-ngo-quyen-phuong-6-11/-mt-q10-5x18m-5-lau-moi-dep-gia-25-ty-pr40234099,89 m²,25 tỷ,,5 tầng,,,Sổ đỏ/ Sổ hồng,,"Nhà MT Ngô Quyền, Q10 - 5x18m - 5 lầu mới đẹp - giá 25 tỷ - 0906 366 ***","Đường Ngô Quyền, Phường 6, Quận 10, Hồ Chí Minh",5 m,,TIN XÁC THỰC,17/02/2025,27/02/2025,,
4,Tin thường,41990019,https://batdongsan.com.vn/ban-nha-mat-pho-duong-so-8-phuong-11-8/-tien-kinh-doanh-8-full-noi-that-chu-gui-14-5-ty-tl-lien-he-ngay-pr41990019,"80,4 m²","14,5 tỷ",,5 tầng,8 phòng,,Sổ đỏ/ Sổ hồng.,,"Mặt tiền kinh doanh đường số 8, full nội thất, chủ gửi 14.5 tỷ TL. Liên hệ ngay 0906 435 ***","Đường Số 8, Phường 11, Gò Vấp, Hồ Chí Minh",,,TIN XÁC THỰC,18/02/2025,28/02/2025,7 phòng,
5,Tin thường,40472631,https://batdongsan.com.vn/ban-nha-mat-pho-duong-cach-mang-thang-tam-phuong-12-5/ban-dep-mt-283-285-cmt8-p12-quan-10-dt-4-5-x-26m2-chi-18-ty-tl-ngay-ha-do-centrosa-pr40472631,64 m²,21 tỷ,,4 tầng,3 phòng,,Sổ đỏ/ Sổ hồng.,Đầy đủ.,"Bán nhà đẹp MT đường 283 - 285 CMT8, P12, Quận 10. DT 4 x 16m2 chỉ 21 tỷ TL ngay Hà Đô Centrosa","283 - 285, Đường Cách Mạng Tháng Tám, Phường 12, Quận 10, Hồ Chí Minh",,,TIN XÁC THỰC,12/02/2025,22/02/2025,4 phòng,
6,Tin thường,41558877,https://batdongsan.com.vn/ban-nha-mat-pho-duong-3-2-2-phuong-14-5/-goc-2mt-3-2-p14-q10-5-5m-x-25m-cn-132m2-khong-dinh-lo-gioi-hdt-75-trieu-thang-pr41558877,132 m²,28 tỷ,,1 tầng,2 phòng,,Sổ đỏ/ Sổ hồng,,"Nhà góc 2MT Đường 3/2, P14, Q10, 5.5x25m, CN: 132m2, Không dính lộ giới, HĐT 75 triệu/tháng","Đường 3/2, Phường 14, Quận 10, Hồ Chí Minh",,"5,5 m",TIN XÁC THỰC,18/02/2025,28/02/2025,2 phòng,
7,Tin thường,41878662,https://batdongsan.com.vn/ban-nha-mat-pho-duong-mieu-go-xoai-phuong-binh-hung-hoa-a/-moi-4-5-tam-4x20m-sieu-dep-full-noi-that-mtkd-le-van-quoi-pr41878662,80 m²,"8,8 tỷ",Bắc,5 tầng,6 phòng,,Sổ đỏ/ Sổ hồng,Đầy đủ,"Nhà mới 4,5 tấm 4x20m siêu đẹp full nội thất MTKD Miếu Gò Xoài - Lê Văn Quới","Đường Miếu Gò Xoài, Phường Bình Hưng Hòa A, Bình Tân, Hồ Chí Minh",12 m,4 m,TIN XÁC THỰC,14/02/2025,24/02/2025,6 phòng,Bắc
8,Tin thường,41778920,https://batdongsan.com.vn/ban-nha-mat-pho-pho-nam-hoa-phuong-phuoc-long-a/giam-3-ty-hang-dau-tu-tien-pla-ngang-8-dt-183m2-canh-xalo-ngay-tuyen-metro-pr41778920,"182,46 m²","16,8 tỷ",,,,,Sổ đỏ/ Sổ hồng,,Giảm 3tỷ! Hàng đầu tư-nhà mặt tiền Nam Hòa - PLA. Ngang 8 DT 182.46m2. Cạnh Xalo. Ngay tuyến Metro,"Đường Nam Hòa, Phường Phước Long A, Quận 9, Hồ Chí Minh",,8 m,TIN XÁC THỰC,13/02/2025,28/02/2025,,
9,Tin thường,41809715,https://batdongsan.com.vn/ban-nha-mat-pho-duong-to-hien-thanh-phuong-15-3/-tien-4x20m-6-tang-vi-tri-dep-ngay-big-c-via-he-truoc-rong-8m-gia-27-ty-tl-pr41809715,"77,3 m²",27 tỷ,,6 tầng,6 phòng,,Sổ đỏ/ Sổ hồng,,"Mặt tiền Tô Hiến Thành 4x20m, 6 tầng vị trí đẹp ngay Big C, vỉa hè trước nhà rộng 8m, giá 27 tỷ TL","Đường Tô Hiến Thành, Phường 15, Quận 10, Hồ Chí Minh",,,TIN XÁC THỰC,13/02/2025,23/02/2025,8 phòng,
10,Tin thường,42046777,https://batdongsan.com.vn/ban-nha-mat-pho-duong-nguyen-chi-thanh-phuong-9-6/-tien-4-2x21m-3-lau-st-vi-tri-dep-gia-27-8-ty-tl-pr42046777,86 m²,"27,8 tỷ",,4 tầng,5 phòng,,Sổ đỏ/ Sổ hồng,,"Mặt tiền Nguyễn Chí Thanh, 4.2x21m, 3 lầu ST, vị trí đẹp, giá 27.8 tỷ TL","Đường Nguyễn Chí Thanh, Phường 9, Quận 5, Hồ Chí Minh",,,TIN XÁC THỰC,15/02/2025,25/02/2025,6 phòng,
11,Tin thường,42064570,https://batdongsan.com.vn/ban-nha-mat-pho-duong-su-van-hanh-phuong-12-5/-tien-4x18m-5-tang-hdt-78tr-th-ngay-gan-mall-sam-uat-gia-27-8-ty-tl-pr42064570,"67,8 m²","27,8 tỷ",,5 tầng,6 phòng,,Sổ đỏ/ Sổ hồng,,"Mặt tiền Sư Vạn Hạnh 4x18m, 5 tầng HĐT 78tr/th ngay gần Vạn Hạnh Mall sầm uất giá 27.8 tỷ TL","Đường Sư Vạn Hạnh, Phường 12, Quận 10, Hồ Chí Minh",20 m,4 m,TIN XÁC THỰC,18/02/2025,28/02/2025,8 phòng,
12,Tin VIP Kim Cương,42157694,https://batdongsan.com.vn/ban-nha-mat-pho-duong-nguyen-thuong-hien-phuong-6-13/ban-4-tam-tien-ngay-sat-khu-cho-cay-queo-hoang-hoa-tham-6-binh-thanh-pr42157694,89 m²,"14,9 tỷ",,,,,,,Bán nhà 4 Tấm mặt tiền đường Ngay sát Khu Chợ Cây Quéo Hoàng Hoa Thám phường 6 Bình Thạnh,"Đường Nguyễn Thượng Hiền, Phường 6, Bình Thạnh, Hồ Chí Minh",,,Chưa Xác Thực,13/02/2025,20/02/2025,,
13,Tin thường,41337313,https://batdongsan.com.vn/ban-nha-mat-pho-duong-van-phu-phuong-phu-la/ban-kinh-sam-uat-ha-dong-truoc-36m-dt90m2-5-tang-mt-5m-hon-20-ty-pr41337313?source=ad&adid=2629864,96 m²,"16,8 tỷ",,5 tầng,,,Sổ đỏ/ Sổ hồng,,"Bán mặt phố kinh sầm uất, Văn Phú, Hà Đông, đường trước nhà 36m, dt 96m2, 5 tầng, mt 5m, 16,8 tỷ","Đường Văn Phú, Phường Phú La, Hà Đông, Hà Nội",36 m,5 m,Chưa Xác Thực,27/10/2024,,,
14,Tin VIP Kim Cương,42143708,https://batdongsan.com.vn/ban-nha-mat-pho-duong-trinh-dinh-trong-phuong-hoa-thanh/-tien-quan-tan-phu-dep-full-chuc-nang-pr42143708,68 m²,11 tỷ,Đông - Bắc,5 tầng,4 phòng,,Sổ đỏ/ Sổ hồng,Cơ bản,"Mặt tiền Trịnh Đình Trọng, Phường Hòa Thạnh, Quận Tân Phú. Nhà đẹp full chức năng","Đường Trịnh Đình Trọng, Phường Hòa Thạnh, Tân Phú, Hồ Chí Minh",,4 m,Chưa Xác Thực,12/02/2025,19/02/2025,,
15,Tin VIP Kim Cương,41963100,https://batdongsan.com.vn/ban-nha-mat-pho-duong-so-2-cu-xa-do-thanh-phuong-4-12/toa-van-phong-tien-c-x-p4-q3-dt-6x23m-kc-t-7l-tm-gia-45t-35t-hdt-den-1-3-ty-nam-pr41963100,132 m²,35 tỷ,,8 tầng,12 phòng,,Sổ đỏ/ Sổ hồng,Đầy đủ,"Tòa nhà văn phòng mặt tiền C.X Đô Thành P4 Q3, DT 6x23m, KC 7L+TM, chốt 34.999 tỷ HĐT đến 1.3tỷ/năm","Đường Số 2 Cư xá Đô Thành, Phường 4, Quận 3, Hồ Chí Minh",16 m,16 m,Chưa Xác Thực,10/02/2025,25/02/2025,13 phòng,
16,Tin VIP Kim Cương,41785331,https://batdongsan.com.vn/ban-nha-mat-pho-duong-nguyen-van-luong-phuong-11-3/chinh-chu-can-ban-lo-goc-2-mt-182-5m-sieu-dep-tai-dong-tien-thue-on-dinh-pr41785331,"182,5 m²",62 tỷ,,,,,Sổ đỏ/sổ hồng,,"Chính chủ cần bán lô góc 2 MT 182,5m2 siêu đẹp tại Nguyễn Văn Luông, dòng tiền thuê ổn định","240, Đường Nguyễn Văn Luông, Phường 11, Quận 6, Hồ Chí Minh",,,TIN XÁC THỰC,10/02/2025,25/02/2025,,
17,Tin VIP Vàng,42199720,https://batdongsan.com.vn/ban-nha-mat-pho-duong-pham-hy-luong-phuong-thanh-my-loi-prj-khu-dan-cu-phu-nhuan-1-2/ban-gap-140m2-16-5-ty-tai-q2-hcm-pr42199720,140 m²,"16,5 tỷ",Đông - Nam,3 tầng,5 phòng,,Sổ đỏ/ Sổ hồng,Cơ bản,"Bán gấp nhà mặt phố 140m2, 16,5 tỷ tại Phạm Thận Duật, Thạnh Mỹ Lợi, Q2, HCM","Đường 100 - Phạm Thận Duật, Phường Thạnh Mỹ Lợi, Quận 2, Hồ Chí Minh",,,Chưa Xác Thực,18/02/2025,25/02/2025,5 phòng,
18,Tin thường,41702109,https://batdongsan.com.vn/ban-shophouse-nha-pho-thuong-mai-duong-nguyen-tat-thanh-phuong-cam-nghia-prj-song-town/-bien-caraworld-ranh-so-huu-lau-dai-chiet-khau-23-8-chi-tu-7ty-pr41702109?source=ad&adid=2681057,120 m²,6 tỷ,Đông - Nam,3 tầng,3 phòng,,Sổ đỏ/ Sổ hồng,Đầy đủ,"Nhà phố biển Caraworld Cam Ranh sở hữu lâu dài chiết khấu 23,8% chỉ từ 6 tỷ","Dự án Sông Town, Đường Nguyễn Tất Thành, Phường Cam Nghĩa, Cam Ranh, Khánh Hòa",,,Chưa Xác Thực,22/12/2024,,3 phòng,Đông - Nam
19,Tin VIP Vàng,42199131,https://batdongsan.com.vn/ban-nha-mat-pho-duong-huynh-tan-phat-phuong-phu-thuan-3/ban-mt-817-quan-7-dt-27m-x-36m-cn-947m2-gia-236-ty-tl-pr42199131,947 m²,236 tỷ,,3 tầng,5 phòng,,Sổ đỏ/ Sổ hồng,,"Bán nhà MT 817 Huỳnh Tấn Phát phường Phú Thuận quận 7,DT 27m x 36m. Cn: 947m2, Giá 236 tỷ tl","Đường Huỳnh Tấn Phát, Phường Phú Thuận, Quận 7, Hồ Chí Minh",,,Chưa Xác Thực,18/02/2025,25/02/2025,4 phòng,
20,Tin VIP Vàng,38257687,https://batdongsan.com.vn/ban-nha-mat-pho-duong-nguyen-thai-binh-phuong-4-20/ban-tien-dang-kinh-doanh-tien-4-quan-tan-gap-chinh-chu-pr38257687,23 m²,"6,2 tỷ",,,,,,,"Bán nhà mặt tiền đang kinh doanh MT đường Nguyễn Thái Bình, giá 6,5 tỷ có thương lượng thêm","Số 237, Đường Nguyễn Thái Bình, Phường 4, Tân Bình, Hồ Chí Minh",,"4,1 m",Chưa Xác Thực,18/02/2025,05/03/2025,,
21,Tin VIP Vàng,42196214,https://batdongsan.com.vn/ban-nha-mat-pho-duong-huynh-tan-phat-xa-phu-xuan/ban-tien-be-chinh-chu-pr42196214,98 m²,"7,5 tỷ",,1 tầng,2 phòng,,Sổ đỏ/ Sổ hồng,Cơ bản,"Bán nhà mặt tiền Huỳnh Tấn Phát, Nhà Bè - chính chủ","Đường Huỳnh Tấn Phát, Xã Phú Xuân, Nhà Bè, Hồ Chí Minh",40 m,6 m,Chưa Xác Thực,18/02/2025,05/03/2025,1 phòng,
22,Tin VIP Vàng,42193203,https://batdongsan.com.vn/ban-nha-mat-pho-duong-dang-van-bi-phuong-binh-tho/ban-chinh-chu-dien-tich-307m2-thuan-tien-kinh-doanh-buon-ban-pr42193203,307 m²,57 tỷ,,3 tầng,,,Sổ đỏ/ Sổ hồng,,Bán nhà chính chủ đường Đặng Văn Bi diện tích 307m2 thuận tiện kinh doanh buôn bán,"Đường Đặng Văn Bi, Phường Bình Thọ, Thủ Đức, Hồ Chí Minh",25 m,,Chưa Xác Thực,17/02/2025,27/02/2025,,
23,Tin VIP Vàng,42192569,https://batdongsan.com.vn/ban-nha-mat-pho-duong-tran-nao-phuong-an-khanh-2/giam-ngay-8ty-chot-nong-sieu-pham-goc-2mt-5-3x29-highlands-coffee-dang-thue-gia-37ty-pr42192569,150 m²,37 tỷ,,2 tầng,,,,Đầy đủ,"Giảm ngay 8tỷ chốt nóng - siêu phẩm góc 2MT Trần Não(5,3x29)m Highlands Coffee đang thuê giá 37tỷ","41, Đường Trần Não, Phường An Khánh, Thủ Đức, Hồ Chí Minh",,,Chưa Xác Thực,17/02/2025,24/02/2025,,
24,Tin VIP Vàng,42192206,https://batdongsan.com.vn/ban-nha-mat-pho-duong-tran-huy-lieu-phuong-15-7/hang-hiem-giadau-tu-goc-vip-nguyen-dinh-chinh-35x40-4t-hdt-300tr-xay-moi-12-14t-pr42192206,452 m²,106 tỷ,,,,,Sổ đỏ/ Sổ hồng,,"Hàng hiếm giá đầu tư góc vip Trần Huy Liệu - Nguyễn Đình Chính (35x40)4T, HĐT 300tr, xây mới 12-14T","Đường Trần Huy Liệu, Phường 15, Phú Nhuận, Hồ Chí Minh",,35 m,Chưa Xác Thực,17/02/2025,24/02/2025,,
25,Tin VIP Vàng,39946209,https://batdongsan.com.vn/ban-nha-mat-pho-duong-cach-mang-thang-tam-phuong-ben-thanh/ban-tien-95-8-p-q1-pr39946209,105 m²,110 tỷ,,4 tầng,,,,,"Bán nhà mặt tiền 95 Cách Mạng Tháng 8, P. Bến Thành, Q1","95, Đường Cách Mạng Tháng Tám, Phường Bến Thành, Quận 1, Hồ Chí Minh",,8 m,Chưa Xác Thực,17/02/2025,24/02/2025,,
26,Tin VIP Vàng,42191876,https://batdongsan.com.vn/ban-nha-mat-pho-duong-dien-bien-phu-phuong-15-5/sieu-pham-goc-2mt-15-5x30-860m2-no-hau-23-xay-dung-2h-22-tang-gia-dau-tu-280tr-m2-pr42191876,840 m²,243 tỷ,,3 tầng,,,Sổ đỏ/ Sổ hồng,,Siêu phẩm góc 2MT Điện Biên Phủ(15.5x30)m 860m2 nở hậu 23 xây dựng 2H 22 tầng giá đầu tư 280tr/m2,"Đường Điện Biên Phủ, Phường 15, Bình Thạnh, Hồ Chí Minh",,"15,5 m",Chưa Xác Thực,17/02/2025,24/02/2025,,
27,Tin VIP Vàng,42190280,https://batdongsan.com.vn/ban-nha-mat-pho-duong-nguyen-van-linh-phuong-tan-phong-9-prj-khu-nha-pho-hung-phuoc/ban-nh-ban-gap-3-phu-my-quan-7-pr42190280,111 m²,"27,6 tỷ",Bắc,4 tầng,6 phòng,,Sổ đỏ/ Sổ hồng,,Bán nhanh bán gấp nhà phố Hưng Phước 3 - Phú Mỹ Hưng - Quận 7,"Dự án Hưng Phước, Đường Nguyễn Văn Linh, Phường Tân Phong, Quận 7, Hồ Chí Minh",,,Chưa Xác Thực,17/02/2025,27/02/2025,6 phòng,
28,Tin VIP Vàng,42175616,https://batdongsan.com.vn/ban-nha-mat-pho-duong-quoc-lo-1a-phuong-binh-hung-hoa-b/-dat-tien-khu-kinh-doanh-may-co-dien-pr42175616,925 m²,30 tỷ,,,,,Sổ đỏ/ Sổ hồng,Không nội thất,Nhà đất mặt tiền đường khu kinh doanh máy cơ điện,"Đường Quốc lộ 1A, Phường Bình Hưng Hòa B, Bình Tân, Hồ Chí Minh",,12 m,Chưa Xác Thực,17/02/2025,24/02/2025,,
29,Tin VIP Vàng,41985402,https://batdongsan.com.vn/ban-nha-mat-pho-phuong-hiep-binh-chanh/ban-tien-4-tang-228m2-12-19-khu-vip-ben-song-thu-duc-vi-tri-cuc-dep-pr41985402,228 m²,"28,2 tỷ",,4 tầng,4 phòng,,Sổ hồng,,"Giảm Sốc 1.8tỷ Bán nhà mặt tiền 4tầng 228m2, 12*19 Khu VIP Bên Sông Hiệp Bình Chánh Thủ Đức Giá Tốt","Phường Hiệp Bình Chánh, Thủ Đức, Hồ Chí Minh",12 m,12 m,Chưa Xác Thực,16/02/2025,23/02/2025,,
30,Tin VIP Vàng,42179450,https://batdongsan.com.vn/ban-nha-mat-pho-duong-18-1-phuong-4/ket-tien-e-chinh-chu-ban-can-mt-so-81-18-p-4-q-4-lh-pr42179450,21 m²,"5,8 tỷ",,3 tầng,3 phòng,,,,"Kẹt tiền E chính chủ bán căn MT đường số 81 đường 18, P. 4, Q. 4 LH 0903 198 ***","Đường số 81 18, Phường 4, Quận 4, Hồ Chí Minh",,3 m,Chưa Xác Thực,16/02/2025,23/02/2025,3 phòng,
31,Tin VIP Vàng,42180939,https://batdongsan.com.vn/ban-nha-mat-pho-duong-vinh-khanh-phuong-10/-tien-kinh-doanh-khu-vuc-hiem-ban-dang-cho-thue-30tr-thang-pr42180939,77 m²,16 tỷ,,2 tầng,2 phòng,,Sổ đỏ/ Sổ hồng,,Mặt tiền kinh doanh Vĩnh Khánh - Khu vực hiếm nhà bán - Đang cho thuê 30tr/tháng,"Đường Vĩnh Khánh, Phường 10, Quận 4, Hồ Chí Minh",,5 m,Chưa Xác Thực,16/02/2025,23/02/2025,3 phòng,
32,Tin VIP Vàng,42110418,https://batdongsan.com.vn/ban-nha-mat-pho-duong-so-7-phuong-an-phu/hg-ngop-b-gap-tret-2-lau-mt-7-qu-2-5x20-100m2-gia-chi-18-9-ty-pr42110418,100 m²,"18,9 tỷ",Tây - Bắc,3 tầng,,,- Pháp lý: Sổ hồng cá nhân.,,Hàng ngộp bán gấp! Nhà trệt + 2 lầu mt đường số 7 - An Phú - Quận 2 - 5x20=100m2 - giá chỉ 18.9 tỷ,"Đường Số 7, Phường An Phú, Quận 2, Hồ Chí Minh",,,Chưa Xác Thực,15/02/2025,22/02/2025,,
33,Tin VIP Vàng,42170069,https://batdongsan.com.vn/ban-nha-mat-pho-duong-nguyen-gia-thieu-phuong-vo-thi-sau/-cuc-tot-toa-vp-duy-nhat-q3-26-5x39-1000m2-5600m2-san-ham-10-tang-550-ty-hdt-65k-pr42170069,1.000 m²,550 tỷ,,10 tầng,,,Sổ đỏ/ Sổ hồng,Đầy đủ,"Giá cực tốt - Tòa VP duy nhất Q3 (26,5x39) 1000m2 - 5600m2 sàn. Hầm 10 tầng giá 550 tỷ HĐT 1,641 tỷ","Đường Nguyễn Gia Thiều, Phường Võ Thị Sáu, Quận 3, Hồ Chí Minh",,"26,5 m",Chưa Xác Thực,14/02/2025,21/02/2025,,
34,Tin thường,40234099,https://batdongsan.com.vn/ban-nha-mat-pho-duong-ngo-quyen-phuong-6-11/-mt-q10-5x18m-5-lau-moi-dep-gia-25-ty-pr40234099,89 m²,25 tỷ,,5 tầng,,,Sổ đỏ/ Sổ hồng,,"Nhà MT Ngô Quyền, Q10 - 5x18m - 5 lầu mới đẹp - giá 25 tỷ - 0906 366 ***","Đường Ngô Quyền, Phường 6, Quận 10, Hồ Chí Minh",5 m,,TIN XÁC THỰC,17/02/2025,27/02/2025,,
35,Tin thường,41990019,https://batdongsan.com.vn/ban-nha-mat-pho-duong-so-8-phuong-11-8/-tien-kinh-doanh-8-full-noi-that-chu-gui-14-5-ty-tl-lien-he-ngay-pr41990019,"80,4 m²","14,5 tỷ",,5 tầng,8 phòng,,Sổ đỏ/ Sổ hồng.,,"Mặt tiền kinh doanh đường số 8, full nội thất, chủ gửi 14.5 tỷ TL. Liên hệ ngay 0906 435 ***","Đường Số 8, Phường 11, Gò Vấp, Hồ Chí Minh",,,TIN XÁC THỰC,18/02/2025,28/02/2025,7 phòng,
36,Tin thường,40472631,https://batdongsan.com.vn/ban-nha-mat-pho-duong-cach-mang-thang-tam-phuong-12-5/ban-dep-mt-283-285-cmt8-p12-quan-10-dt-4-5-x-26m2-chi-18-ty-tl-ngay-ha-do-centrosa-pr40472631,64 m²,21 tỷ,,4 tầng,3 phòng,,Sổ đỏ/ Sổ hồng.,Đầy đủ.,"Bán nhà đẹp MT đường 283 - 285 CMT8, P12, Quận 10. DT 4 x 16m2 chỉ 21 tỷ TL ngay Hà Đô Centrosa","283 - 285, Đường Cách Mạng Tháng Tám, Phường 12, Quận 10, Hồ Chí Minh",,,TIN XÁC THỰC,12/02/2025,22/02/2025,4 phòng,
37,Tin thường,41558877,https://batdongsan.com.vn/ban-nha-mat-pho-duong-3-2-2-phuong-14-5/-goc-2mt-3-2-p14-q10-5-5m-x-25m-cn-132m2-khong-dinh-lo-gioi-hdt-75-trieu-thang-pr41558877,132 m²,28 tỷ,,1 tầng,2 phòng,,Sổ đỏ/ Sổ hồng,,"Nhà góc 2MT Đường 3/2, P14, Q10, 5.5x25m, CN: 132m2, Không dính lộ giới, HĐT 75 triệu/tháng","Đường 3/2, Phường 14, Quận 10, Hồ Chí Minh",,"5,5 m",TIN XÁC THỰC,18/02/2025,28/02/2025,2 phòng,
38,Tin thường,41878662,https://batdongsan.com.vn/ban-nha-mat-pho-duong-mieu-go-xoai-phuong-binh-hung-hoa-a/-moi-4-5-tam-4x20m-sieu-dep-full-noi-that-mtkd-le-van-quoi-pr41878662,80 m²,"8,8 tỷ",Bắc,5 tầng,6 phòng,,Sổ đỏ/ Sổ hồng,Đầy đủ,"Nhà mới 4,5 tấm 4x20m siêu đẹp full nội thất MTKD Miếu Gò Xoài - Lê Văn Quới","Đường Miếu Gò Xoài, Phường Bình Hưng Hòa A, Bình Tân, Hồ Chí Minh",12 m,4 m,TIN XÁC THỰC,14/02/2025,24/02/2025,6 phòng,Bắc
39,Tin thường,41778920,https://batdongsan.com.vn/ban-nha-mat-pho-pho-nam-hoa-phuong-phuoc-long-a/giam-3-ty-hang-dau-tu-tien-pla-ngang-8-dt-183m2-canh-xalo-ngay-tuyen-metro-pr41778920,"182,46 m²","16,8 tỷ",,,,,Sổ đỏ/ Sổ hồng,,Giảm 3tỷ! Hàng đầu tư-nhà mặt tiền Nam Hòa - PLA. Ngang 8 DT 182.46m2. Cạnh Xalo. Ngay tuyến Metro,"Đường Nam Hòa, Phường Phước Long A, Quận 9, Hồ Chí Minh",,8 m,TIN XÁC THỰC,13/02/2025,28/02/2025,,
40,Tin thường,41809715,https://batdongsan.com.vn/ban-nha-mat-pho-duong-to-hien-thanh-phuong-15-3/-tien-4x20m-6-tang-vi-tri-dep-ngay-big-c-via-he-truoc-rong-8m-gia-27-ty-tl-pr41809715,"77,3 m²",27 tỷ,,6 tầng,6 phòng,,Sổ đỏ/ Sổ hồng,,"Mặt tiền Tô Hiến Thành 4x20m, 6 tầng vị trí đẹp ngay Big C, vỉa hè trước nhà rộng 8m, giá 27 tỷ TL","Đường Tô Hiến Thành, Phường 15, Quận 10, Hồ Chí Minh",,,TIN XÁC THỰC,13/02/2025,23/02/2025,8 phòng,
41,Tin thường,42046777,https://batdongsan.com.vn/ban-nha-mat-pho-duong-nguyen-chi-thanh-phuong-9-6/-tien-4-2x21m-3-lau-st-vi-tri-dep-gia-27-8-ty-tl-pr42046777,86 m²,"27,8 tỷ",,4 tầng,5 phòng,,Sổ đỏ/ Sổ hồng,,"Mặt tiền Nguyễn Chí Thanh, 4.2x21m, 3 lầu ST, vị trí đẹp, giá 27.8 tỷ TL","Đường Nguyễn Chí Thanh, Phường 9, Quận 5, Hồ Chí Minh",,,TIN XÁC THỰC,15/02/2025,25/02/2025,6 phòng,
42,Tin thường,42064570,https://batdongsan.com.vn/ban-nha-mat-pho-duong-su-van-hanh-phuong-12-5/-tien-4x18m-5-tang-hdt-78tr-th-ngay-gan-mall-sam-uat-gia-27-8-ty-tl-pr42064570,"67,8 m²","27,8 tỷ",,5 tầng,6 phòng,,Sổ đỏ/ Sổ hồng,,"Mặt tiền Sư Vạn Hạnh 4x18m, 5 tầng HĐT 78tr/th ngay gần Vạn Hạnh Mall sầm uất giá 27.8 tỷ TL","Đường Sư Vạn Hạnh, Phường 12, Quận 10, Hồ Chí Minh",20 m,4 m,TIN XÁC THỰC,18/02/2025,28/02/2025,8 phòng,
43,Tin VIP Vàng,42167525,https://batdongsan.com.vn/ban-nha-mat-pho-duong-tran-quang-dieu-phuong-13-1/sieu-pham-tien-q3-15x17-2-ctxd-ham-7-lau-gia-65-ty-con-thuong-luong-pr42167525,256 m²,65 tỷ,,3 tầng,,,Sổ đỏ/ Sổ hồng,,"Siêu Phẩm Mặt Tiền Trần Quang Diệu. Q3(15x17,2)CTXD hầm 7 lầu giá 65 tỷ còn thương lượng","Đường Trần Quang Diệu, Phường 13, Quận 3, Hồ Chí Minh",,"15,1 m",Chưa Xác Thực,14/02/2025,21/02/2025,,
44,Tin thường,41337313,https://batdongsan.com.vn/ban-nha-mat-pho-duong-van-phu-phuong-phu-la/ban-kinh-sam-uat-ha-dong-truoc-36m-dt90m2-5-tang-mt-5m-hon-20-ty-pr41337313?source=ad&adid=2629864,96 m²,"16,8 tỷ",,5 tầng,,,Sổ đỏ/ Sổ hồng,,"Bán mặt phố kinh sầm uất, Văn Phú, Hà Đông, đường trước nhà 36m, dt 96m2, 5 tầng, mt 5m, 16,8 tỷ","Đường Văn Phú, Phường Phú La, Hà Đông, Hà Nội",36 m,5 m,Chưa Xác Thực,27/10/2024,,,
45,Tin VIP Vàng,42167146,https://batdongsan.com.vn/ban-nha-mat-pho-duong-quoc-lo-13-phuong-hiep-binh-phuoc-prj-khu-do-thi-van-phuc-city/gio-hang-nhung-can-gia-tot-quy-1-dt-5x20-5-18-5ty-6x17-20ty-7x20m-28ty-9x19m-34ty-pr42167146,"102,5 m²","18,5 tỷ",Tây - Nam,5 tầng,4 phòng,,Sổ đỏ/ Sổ hồng,Cơ bản,"Giỏ hàng những căn giá tốt Vạn Phúc City quý 1, DT 5x20.5 18.5tỷ, 6x17 20tỷ, 7x20m 28tỷ, 9x19m 34tỷ","Dự án KĐT Vạn Phúc City, Đường Quốc Lộ 13, Phường Hiệp Bình Phước, Thủ Đức, Hồ Chí Minh",15 m,5 m,Chưa Xác Thực,14/02/2025,21/02/2025,5 phòng,Tây - Nam
46,Tin VIP Vàng,39157778,https://batdongsan.com.vn/ban-nha-mat-pho-duong-3-2-2-phuong-14-5/gap-ban-tien-ba-thang-hai-3-2-14-quan10-4-x-19m-gia-22-ty-pr39157778,150 m²,25 tỷ,,6 tầng,,,,,"Siêu phẩm góc 2 mặt tiền đường Ba Tháng Hai, Phường 14, Quận 10 - 5 x 30m - HĐT 100tr - giá 25 tỷ","Đường 3/2, Phường 14, Quận 10, Hồ Chí Minh",,5 m,Chưa Xác Thực,14/02/2025,21/02/2025,,
47,Tin VIP Vàng,42161458,https://batdongsan.com.vn/ban-nha-mat-pho-duong-so-4-xa-binh-hung-1-prj-khu-dan-cu-trung-son/rat-gap-giam-sau-ban-khach-san-55-phong-2-tien-12x40-chi-con-72-ty-pr42161458,480 m²,72 tỷ,,6 tầng,55 phòng,,Sổ đỏ/ Sổ hồng,Đầy đủ,Rất gấp - giảm sâu - bán khách sạn 55 phòng 2 mặt tiền khu Trung Sơn (12x40m) chỉ còn 72 tỷ,"Dự án Trung Sơn, Đường Số 4, Xã Bình Hưng, Bình Chánh, Hồ Chí Minh",20 m,12 m,TIN XÁC THỰC,13/02/2025,20/02/2025,,
48,Tin VIP Vàng,42161095,https://batdongsan.com.vn/ban-nha-mat-pho-duong-vo-van-tan-phuong-5-8/hang-hiem-ban-mt-p5-q3-doan-dep-t-4-5x18-no-hau-gia-45-ty-pr42161095,80 m²,45 tỷ,,3 tầng,,,Sổ đỏ/ Sổ hồng,,"Hàng hiếm - bán nhà MT Võ Văn Tần.P5.Q3. đoạn đẹp nhất (4,5x18) nở hậu giá 45 tỷ","Đường Võ Văn Tần, Phường 5, Quận 3, Hồ Chí Minh",,,Chưa Xác Thực,13/02/2025,20/02/2025,,
49,Tin thường,41702109,https://batdongsan.com.vn/ban-shophouse-nha-pho-thuong-mai-duong-nguyen-tat-thanh-phuong-cam-nghia-prj-song-town/-bien-caraworld-ranh-so-huu-lau-dai-chiet-khau-23-8-chi-tu-7ty-pr41702109?source=ad&adid=2681057,120 m²,6 tỷ,Đông - Nam,3 tầng,3 phòng,,Sổ đỏ/ Sổ hồng,Đầy đủ,"Nhà phố biển Caraworld Cam Ranh sở hữu lâu dài chiết khấu 23,8% chỉ từ 6 tỷ","Dự án Sông Town, Đường Nguyễn Tất Thành, Phường Cam Nghĩa, Cam Ranh, Khánh Hòa",,,Chưa Xác Thực,22/12/2024,,3 phòng,Đông - Nam
50,Tin VIP Vàng,42160031,https://batdongsan.com.vn/ban-nha-mat-pho-duong-tan-hiep-32-xa-tan-hiep/chinh-chu-ban-tien-32-ap-thoi-tay-2-huyen-hoc-mon-pr42160031,"294,2 m²","8,5 tỷ",Tây,,2 phòng,,Sổ đỏ chính chủ.,,"Chính chủ bán nhà mặt tiền đường Tân Hiệp 32, Ấp Thới Tây 2, Xã Tân Hiệp, Huyện Hóc Môn","Đường Tân Hiệp 32, Ấp Thới Tây 2, Xã Tân Hiệp, Hóc Môn, Hồ Chí Minh",,"5,67 m",TIN XÁC THỰC,13/02/2025,28/02/2025,1 phòng,
51,Tin VIP Vàng,41694824,https://batdongsan.com.vn/ban-nha-mat-pho-duong-nguyen-van-troi-phuong-10-9/ban-toa-vi-tri-g-q-phu-nhuan-dt-15x18m-5-tang-hdt-200tr-thang-gia-45-ty-pr41694824,200 m²,93 tỷ,,9 tầng,,,Sổ đỏ/ Sổ hồng,,BÁN TÒA NHÀ MẶT TIỀN NGUYỄN VĂN TRỖI Q.Phú Nhuận -DT: 8.5x24m HẦM 9 LẦU HĐT 330tr/tháng giá 93 Tỷ,"Đường Nguyễn Văn Trỗi, Phường 10, Phú Nhuận, Hồ Chí Minh",,"8,5 m",Chưa Xác Thực,13/02/2025,23/02/2025,,
52,Tin VIP Vàng,42150809,https://batdongsan.com.vn/ban-nha-mat-pho-duong-cao-thang-phuong-5-8/ban-tien-p05-quan-3-dt-14x25-cong-n-220m2-kc-3-tang-gia-ban-chi-70-ty-pr42150809,220 m²,85 tỷ,,3 tầng,,,Sổ đỏ/ Sổ hồng,,"Bán nhà mặt tiền Cao Thắng, P5, Quận 3, DT: 14x25m công nhận 220m2 - 3 tầng, giá bán chỉ 85 tỷ","Đường Cao Thắng, Phường 5, Quận 3, Hồ Chí Minh",,14 m,Chưa Xác Thực,12/02/2025,19/02/2025,,
53,Tin VIP Vàng,42144515,https://batdongsan.com.vn/ban-nha-mat-pho-duong-nguyen-duy-trinh-phuong-truong-thanh/ban-tien-quan-9-pr42144515,183 m²,160 triệu/m²,,1 tầng,,,,,"Bán nhà mặt tiền đường Nguyễn Duy Trinh, phường Trường Thạnh, Quận 9","Đường Nguyễn Duy Trinh, Phường Trường Thạnh, Quận 9, Hồ Chí Minh",,,Chưa Xác Thực,11/02/2025,18/02/2025,,
54,Tin VIP Vàng,42143505,https://batdongsan.com.vn/ban-nha-mat-pho-duong-nguyen-chi-thanh-phuong-9-6/hang-kin-sieu-vip-chuyen-nhuong-quy-dat-xd-2h-12tang-mt-p9-q5-32x-64m-470-ty-pr42143505,2.050 m²,470 tỷ,,,,,Sổ đỏ/ Sổ hồng,,Hàng kín siêu vip!Chuyển nhượng quỹ đất XD 2H+12tầng MT Nguyễn Chí Thanh P9 Q5- 32x64m chỉ 470 tỷ,"Đường Nguyễn Chí Thanh, Phường 9, Quận 5, Hồ Chí Minh",,,Chưa Xác Thực,11/02/2025,18/02/2025,,
55,Tin VIP Vàng,42032367,https://batdongsan.com.vn/ban-nha-mat-pho-duong-dien-bien-phu-phuong-25/ban-gap-building-mt-p-25-binh-thanh-16x40m-ham-8-lau-thang-may-pccc-185-ty-pr42032367,560 m²,185 tỷ,,,,,Sổ đỏ/ Sổ hồng,Đầy đủ.,"Bán gấp building MT Điện Biên Phủ, P25, Bình Thạnh, 12x47m, hầm, 8 lầu, thang máy, PCCC, 185 tỷ","Đường Điện Biên Phủ, Phường 25, Bình Thạnh, Hồ Chí Minh",,,Chưa Xác Thực,11/02/2025,18/02/2025,,
56,Tin VIP Vàng,42142665,https://batdongsan.com.vn/ban-nha-mat-pho-duong-phan-thuc-duyen-phuong-4-20/-tai-p-4-tan-binh-vi-tri-dac-dia-gan-san-bay-thiet-ke-dep-chac-chan-pr42142665,"162,53 m²",50 tỷ,,4 tầng,,,,,"Nhà mặt phố tại Phan Thúc Duyện, P. 4, Tân Bình, vị trí đắc địa gần sân bay, thiết kế đẹp chắc chắn","Đường Phan Thúc Duyện, Phường 4, Tân Bình, Hồ Chí Minh",,,TIN XÁC THỰC,11/02/2025,26/02/2025,,
57,Tin VIP Vàng,42140286,https://batdongsan.com.vn/ban-nha-mat-pho-phuong-thanh-loc-3/ban-dat-sieu-hot-vuong-vuc-hai-tien-400-met-vuong-voi-200m2-can-ho-chung-cu-100tr-thang-pr42140286,400 m²,"51,5 tỷ",,,33 phòng,,Sổ đỏ/ Sổ hồng,,"Bán đất siêu hot vuông vức hai mặt tiền 400 mét vuông, với 200m2 căn hộ chung cư 100tr/tháng","Phường Thạnh Lộc, Quận 12, Hồ Chí Minh",,10 m,TIN XÁC THỰC,11/02/2025,21/02/2025,,
58,Tin VIP Vàng,40208790,https://batdongsan.com.vn/ban-nha-mat-pho-duong-dong-thanh-1-5-xa-dong-thanh/-ap-1-hoc-mon-pr40208790,"67,7 m²","4,5 tỷ",Tây,1 tầng,1 phòng,,Sổ đỏ/ Sổ hồng,,"Đường Đông Thạnh 1-5, Ấp 1, Đông Thạnh, Hóc Môn","Đường Đông Thạnh 1-5, Xã Đông Thạnh, Hóc Môn, Hồ Chí Minh",8 m,8 m,Chưa Xác Thực,08/02/2025,23/02/2025,1 phòng,Tây
59,Tin VIP Vàng,40210000,https://batdongsan.com.vn/ban-nha-mat-pho-duong-so-14-phuong-binh-hung-hoa-a/bn-tien-14-tn-pr40210000,"75,08 m²","8,6 tỷ",Tây,,1 phòng,,Sổ đỏ/ Sổ hồng,Đầy đủ,"Bán nhà mặt tiền đường Số 14 Bình Hưng Hòa A, Bình Tân","Đường Số 14, Phường Bình Hưng Hòa A, Bình Tân, Hồ Chí Minh","4,02 m","4,02 m",Chưa Xác Thực,08/02/2025,23/02/2025,1 phòng,Tây
60,Tin VIP Bạc,42199841,https://batdongsan.com.vn/ban-nha-mat-pho-duong-le-van-khuong-phuong-thoi-an-1/-tien-4x22m-thiet-ke-noi-that-xin-xo-9m-thong-cach-100m-q12-pr42199841,80 m²,"7,45 tỷ",Tây,5 tầng,5 phòng,,Sổ đỏ/ Sổ hồng,Đầy đủ,"Nhà mặt tiền 4x19m, thiết kế nội thất xịn xò, đường 9m thông Cách Lê Văn Khương 100m Thới An, Q12","Đường Lê Văn Khương, Phường Thới An, Quận 12, Hồ Chí Minh",8 m,4 m,Chưa Xác Thực,18/02/2025,25/02/2025,5 phòng,Tây
61,Tin VIP Bạc,42133135,https://batdongsan.com.vn/ban-nha-mat-pho-duong-9a-xa-binh-hung-1-prj-khu-dan-cu-trung-son/can-ban-tien-chanh-tp-hcm-pr42133135,200 m²,60 tỷ,,,,,Sổ đỏ/ Sổ hồng,Cơ bản,"Cần bán nhà mặt tiền đường 9A khu dân cư Trung Sơn, Bình Chánh, TP HCM","Dự án Trung Sơn, Đường 9A, Xã Bình Hưng, Bình Chánh, Hồ Chí Minh",22 m,22 m,Chưa Xác Thực,18/02/2025,25/02/2025,,
62,Tin VIP Bạc,42198889,https://batdongsan.com.vn/ban-nha-mat-pho-duong-3-2-2-phuong-14-5/goc-2-tien-3-2-p14-quan-10-gan-nguyen-tri-dt-4-3x32m-2-tang-gia-ban-29-ty-pr42198889,135 m²,29 tỷ,,,,,,,"Góc 2 mặt tiền 3/2, P14, Quận 10 , gần Nguyễn Tri Phương. DT: 4.3x32m, 2 tầng. Giá bán: 29 tỷ","Đường 3/2, Phường 14, Quận 10, Hồ Chí Minh",,,Chưa Xác Thực,18/02/2025,25/02/2025,,
63,Tin VIP Bạc,42175908,https://batdongsan.com.vn/ban-nha-mat-pho-duong-nguyen-hoang-phuong-an-phu-prj-an-phu-an-khanh/b-ngg-8m-tien-khh-dt-160m2-8mx20m-gia-54-ty-hop-kd-pr42175908,70 m²,"24,5 tỷ",Đông - Bắc,3 tầng,5 phòng,,Sổ đỏ/ Sổ hồng,Cơ bản,"Bán Nhà 5 tầng mặt tiền đường Phạm Văn Ngôn, P. An Khánh DT 68.8m2 (5mx 13.76m) ) giá 24.5 tỷ, SHR","An Phú An Khánh, Đường Nguyễn Hoàng, Phường An Phú, Quận 2, Hồ Chí Minh",24 m,24 m,Chưa Xác Thực,15/02/2025,22/02/2025,6 phòng,Đông - Bắc
64,Tin VIP Bạc,42175101,https://batdongsan.com.vn/ban-nha-mat-pho-phuong-11-7/500tr-chu-ngop-can-ban-phan-van-tri-binh-thanh-gia-chi-3-93-ty-moi-full-nt-san-so-hong-pr42175101,46 m²,"3,93 tỷ",,2 tầng,3 phòng,,,Đầy đủ,"500TR CHỦ NGỘP CẦN BÁN NHÀ PHAN VĂN TRỊ, BÌNH THẠNH GIÁ CHỈ 3,93 TỶ, NHÀ MỚI FULL NT, SẴN SỔ HỒNG","Phường 11, Bình Thạnh, Hồ Chí Minh",,,Chưa Xác Thực,15/02/2025,25/02/2025,2 phòng,
65,Tin thường,40234099,https://batdongsan.com.vn/ban-nha-mat-pho-duong-ngo-quyen-phuong-6-11/-mt-q10-5x18m-5-lau-moi-dep-gia-25-ty-pr40234099,89 m²,25 tỷ,,5 tầng,,,Sổ đỏ/ Sổ hồng,,"Nhà MT Ngô Quyền, Q10 - 5x18m - 5 lầu mới đẹp - giá 25 tỷ - 0906 366 ***","Đường Ngô Quyền, Phường 6, Quận 10, Hồ Chí Minh",5 m,,TIN XÁC THỰC,17/02/2025,27/02/2025,,
66,Tin thường,41990019,https://batdongsan.com.vn/ban-nha-mat-pho-duong-so-8-phuong-11-8/-tien-kinh-doanh-8-full-noi-that-chu-gui-14-5-ty-tl-lien-he-ngay-pr41990019,"80,4 m²","14,5 tỷ",,5 tầng,8 phòng,,Sổ đỏ/ Sổ hồng.,,"Mặt tiền kinh doanh đường số 8, full nội thất, chủ gửi 14.5 tỷ TL. Liên hệ ngay 0906 435 ***","Đường Số 8, Phường 11, Gò Vấp, Hồ Chí Minh",,,TIN XÁC THỰC,18/02/2025,28/02/2025,7 phòng,
67,Tin thường,40472631,https://batdongsan.com.vn/ban-nha-mat-pho-duong-cach-mang-thang-tam-phuong-12-5/ban-dep-mt-283-285-cmt8-p12-quan-10-dt-4-5-x-26m2-chi-18-ty-tl-ngay-ha-do-centrosa-pr40472631,64 m²,21 tỷ,,4 tầng,3 phòng,,Sổ đỏ/ Sổ hồng.,Đầy đủ.,"Bán nhà đẹp MT đường 283 - 285 CMT8, P12, Quận 10. DT 4 x 16m2 chỉ 21 tỷ TL ngay Hà Đô Centrosa","283 - 285, Đường Cách Mạng Tháng Tám, Phường 12, Quận 10, Hồ Chí Minh",,,TIN XÁC THỰC,12/02/2025,22/02/2025,4 phòng,
68,Tin thường,41558877,https://batdongsan.com.vn/ban-nha-mat-pho-duong-3-2-2-phuong-14-5/-goc-2mt-3-2-p14-q10-5-5m-x-25m-cn-132m2-khong-dinh-lo-gioi-hdt-75-trieu-thang-pr41558877,132 m²,28 tỷ,,1 tầng,2 phòng,,Sổ đỏ/ Sổ hồng,,"Nhà góc 2MT Đường 3/2, P14, Q10, 5.5x25m, CN: 132m2, Không dính lộ giới, HĐT 75 triệu/tháng","Đường 3/2, Phường 14, Quận 10, Hồ Chí Minh",,"5,5 m",TIN XÁC THỰC,18/02/2025,28/02/2025,2 phòng,
69,Tin thường,41878662,https://batdongsan.com.vn/ban-nha-mat-pho-duong-mieu-go-xoai-phuong-binh-hung-hoa-a/-moi-4-5-tam-4x20m-sieu-dep-full-noi-that-mtkd-le-van-quoi-pr41878662,80 m²,"8,8 tỷ",Bắc,5 tầng,6 phòng,,Sổ đỏ/ Sổ hồng,Đầy đủ,"Nhà mới 4,5 tấm 4x20m siêu đẹp full nội thất MTKD Miếu Gò Xoài - Lê Văn Quới","Đường Miếu Gò Xoài, Phường Bình Hưng Hòa A, Bình Tân, Hồ Chí Minh",12 m,4 m,TIN XÁC THỰC,14/02/2025,24/02/2025,6 phòng,Bắc
70,Tin thường,41778920,https://batdongsan.com.vn/ban-nha-mat-pho-pho-nam-hoa-phuong-phuoc-long-a/giam-3-ty-hang-dau-tu-tien-pla-ngang-8-dt-183m2-canh-xalo-ngay-tuyen-metro-pr41778920,"182,46 m²","16,8 tỷ",,,,,Sổ đỏ/ Sổ hồng,,Giảm 3tỷ! Hàng đầu tư-nhà mặt tiền Nam Hòa - PLA. Ngang 8 DT 182.46m2. Cạnh Xalo. Ngay tuyến Metro,"Đường Nam Hòa, Phường Phước Long A, Quận 9, Hồ Chí Minh",,8 m,TIN XÁC THỰC,13/02/2025,28/02/2025,,
71,Tin thường,41809715,https://batdongsan.com.vn/ban-nha-mat-pho-duong-to-hien-thanh-phuong-15-3/-tien-4x20m-6-tang-vi-tri-dep-ngay-big-c-via-he-truoc-rong-8m-gia-27-ty-tl-pr41809715,"77,3 m²",27 tỷ,,6 tầng,6 phòng,,Sổ đỏ/ Sổ hồng,,"Mặt tiền Tô Hiến Thành 4x20m, 6 tầng vị trí đẹp ngay Big C, vỉa hè trước nhà rộng 8m, giá 27 tỷ TL","Đường Tô Hiến Thành, Phường 15, Quận 10, Hồ Chí Minh",,,TIN XÁC THỰC,13/02/2025,23/02/2025,8 phòng,
72,Tin thường,42046777,https://batdongsan.com.vn/ban-nha-mat-pho-duong-nguyen-chi-thanh-phuong-9-6/-tien-4-2x21m-3-lau-st-vi-tri-dep-gia-27-8-ty-tl-pr42046777,86 m²,"27,8 tỷ",,4 tầng,5 phòng,,Sổ đỏ/ Sổ hồng,,"Mặt tiền Nguyễn Chí Thanh, 4.2x21m, 3 lầu ST, vị trí đẹp, giá 27.8 tỷ TL","Đường Nguyễn Chí Thanh, Phường 9, Quận 5, Hồ Chí Minh",,,TIN XÁC THỰC,15/02/2025,25/02/2025,6 phòng,
73,Tin thường,42064570,https://batdongsan.com.vn/ban-nha-mat-pho-duong-su-van-hanh-phuong-12-5/-tien-4x18m-5-tang-hdt-78tr-th-ngay-gan-mall-sam-uat-gia-27-8-ty-tl-pr42064570,"67,8 m²","27,8 tỷ",,5 tầng,6 phòng,,Sổ đỏ/ Sổ hồng,,"Mặt tiền Sư Vạn Hạnh 4x18m, 5 tầng HĐT 78tr/th ngay gần Vạn Hạnh Mall sầm uất giá 27.8 tỷ TL","Đường Sư Vạn Hạnh, Phường 12, Quận 10, Hồ Chí Minh",20 m,4 m,TIN XÁC THỰC,18/02/2025,28/02/2025,8 phòng,
74,Tin VIP Bạc,42197753,https://batdongsan.com.vn/ban-nha-mat-pho-duong-thanh-da-phuong-27/ban-toa-ham-8-tang-mt-binh-quoi-hd-thue-280-trieu-thang-pr42197753,310 m²,105 tỷ,,8 tầng,,,Sổ đỏ/ Sổ hồng,,Bán tòa nhà hầm + 8 tầng MT Thanh Đa - Bình Quới. HĐ thuê 280 triệu/tháng,"Đường Thanh Đa, Phường 27, Bình Thạnh, Hồ Chí Minh",,,Chưa Xác Thực,18/02/2025,25/02/2025,,
75,Tin thường,41337313,https://batdongsan.com.vn/ban-nha-mat-pho-duong-van-phu-phuong-phu-la/ban-kinh-sam-uat-ha-dong-truoc-36m-dt90m2-5-tang-mt-5m-hon-20-ty-pr41337313?source=ad&adid=2629864,96 m²,"16,8 tỷ",,5 tầng,,,Sổ đỏ/ Sổ hồng,,"Bán mặt phố kinh sầm uất, Văn Phú, Hà Đông, đường trước nhà 36m, dt 96m2, 5 tầng, mt 5m, 16,8 tỷ","Đường Văn Phú, Phường Phú La, Hà Đông, Hà Nội",36 m,5 m,Chưa Xác Thực,27/10/2024,,,
76,Tin VIP Bạc,42110909,https://batdongsan.com.vn/ban-nha-mat-pho-phuong-5-14/ban-nh-tien-tran-binh-trong-tan-binh-pr42110909,100 m²,"15,2 tỷ",,,,,Sổ đỏ,,Bán nhanh nhà mặt tiền Trần Bình Trọng - Tân Bình,"Phường 5, Bình Thạnh, Hồ Chí Minh",,,Chưa Xác Thực,18/02/2025,25/02/2025,,
77,Tin VIP Bạc,42197445,https://batdongsan.com.vn/ban-nha-mat-pho-phuong-an-phu-prj-an-phu-an-khanh/-dat-quan-2-ban-dat-nen-biet-thu-lien-he-zalo-facebook-thu-huong-land-pr42197445,128 m²,135 triệu/m²,,4 tầng,4 phòng,,Sổ đỏ/ Sổ hồng,Cơ bản,NHÀ ĐẤT QUẬN 2 - BÁN ĐẤT NỀN - NHÀ PHỐ - BIỆT THỰ. Liên hệ/zalo 0903 358 *** -facebook Thu Huong Land,"An Phú - An Khánh, An Phú, Quận 2, Hồ Chí Minh",,,Chưa Xác Thực,18/02/2025,05/03/2025,5 phòng,
78,Tin VIP Bạc,39837537,https://batdongsan.com.vn/ban-nha-mat-pho-duong-le-van-sy-phuong-1-23/biet-thu-khu-compound-226-8x27-55-ty-tl-pr39837537,216 m²,60 tỷ,,4 tầng,,,Sổ đỏ/ Sổ hồng,,Biệt thự khu Compound 226 Lê Văn Sỹ (8x27m) 60 tỷ,"226, Đường Lê Văn Sỹ, Phường 1, Tân Bình, Hồ Chí Minh",,8 m,Chưa Xác Thực,18/02/2025,25/02/2025,,
79,Tin VIP Bạc,42197338,https://batdongsan.com.vn/ban-nha-mat-pho-duong-cach-mang-thang-tam-phuong-13-5/ban-toa-mt-cmt8-quan-10-dien-tich-5-5x34m-6-tang-kien-co-gia-ban-45-ty-lien-he-pr42197338,189 m²,45 tỷ,,6 tầng,,,Sổ hồng.,,"Bán tòa nhà MT CMT8, Quận 10. Diện tích 5.5x34m, 6 tầng kiên cố. Giá bán 45 tỷ. Liên hệ 0906 373 ***","Đường Cách Mạng Tháng Tám, Phường 13, Quận 10, Hồ Chí Minh",,"5,5 m",Chưa Xác Thực,18/02/2025,25/02/2025,,
80,Tin thường,41702109,https://batdongsan.com.vn/ban-shophouse-nha-pho-thuong-mai-duong-nguyen-tat-thanh-phuong-cam-nghia-prj-song-town/-bien-caraworld-ranh-so-huu-lau-dai-chiet-khau-23-8-chi-tu-7ty-pr41702109?source=ad&adid=2681057,120 m²,6 tỷ,Đông - Nam,3 tầng,3 phòng,,Sổ đỏ/ Sổ hồng,Đầy đủ,"Nhà phố biển Caraworld Cam Ranh sở hữu lâu dài chiết khấu 23,8% chỉ từ 6 tỷ","Dự án Sông Town, Đường Nguyễn Tất Thành, Phường Cam Nghĩa, Cam Ranh, Khánh Hòa",,,Chưa Xác Thực,22/12/2024,,3 phòng,Đông - Nam
81,Tin VIP Bạc,37596426,https://batdongsan.com.vn/ban-nha-mat-pho-duong-tran-van-muoi-xa-xuan-thoi-dong/ban-va-cho-thue-hoc-mon-vi-tri-dep-kinh-doanh-sieu-dinh-lh-0902586336-pr37596426,150 m²,12 tỷ,,1 tầng,,,,,"Chính chủ bán nhà mặt phố Trần Văn Mười, Hóc Môn vị trí đẹp, kinh doanh siêu đỉnh giá cực tốt","Đường Trần Văn Mười, Xã Xuân Thới Đông, Hóc Môn, Hồ Chí Minh",,6 m,Chưa Xác Thực,18/02/2025,28/02/2025,,
82,Tin VIP Bạc,41419561,https://batdongsan.com.vn/ban-nha-mat-pho-duong-le-lam-phuong-phu-thanh/ban-tien-4x20m-3-lau-gia-10-8-ty-tl-pr41419561,80 m²,"10,3 tỷ",,4 tầng,5 phòng,,Sổ đỏ/ Sổ hồng,Cơ bản,"Bán nhà mặt tiền 111 Lê Lâm, 4x20m, 3 lầu, giá 10.3 tỷ TL","111 Đường Lê Lâm, Phường Phú Thạnh, Tân Phú, Hồ Chí Minh",13 m,,Chưa Xác Thực,12/02/2025,19/02/2025,6 phòng,
83,Tin VIP Bạc,42196168,https://batdongsan.com.vn/ban-nha-mat-pho-duong-tran-nao-phuong-an-khanh/giam-10-ty-ban-goc-2-tien-41-quan-2-highland-thue-120-tr-th-6-33-30-37-ty-tl-pr42196168,70 m²,37 tỷ,,2 tầng,,,,,Giảm 10 tỷ! Bán góc 2 mặt tiền 41 Trần Não - Quận 2 - Highland thuê 120 tr/th (6.33*30m) - 37 tỷ TL,"41, Đường Trần Não, Phường An Khánh, Quận 2, Hồ Chí Minh",,,Chưa Xác Thực,18/02/2025,28/02/2025,,
84,Tin VIP Bạc,42176162,https://batdongsan.com.vn/ban-nha-mat-pho-duong-nguyen-tri-phuong-1-phuong-4-16/-tien-sieu-pham-ngang-4-5x24m-hdt-90-eu-thang-5-tang-quan-10-38-ty-tl-pr42176162,108 m²,38 tỷ,,5 tầng,7 phòng,,Sổ đỏ,,"Siêu phẩm mặt tiền Nguyễn Tri Phương Q.10, 4.5x24m, 5 tầng, HĐT 90 triệu/tháng, giá 38 tỷ TL","Đường Nguyễn Tri Phương, Phường 4, Quận 10, Hồ Chí Minh",40 m,"4,5 m",TIN XÁC THỰC,18/02/2025,25/02/2025,,
85,Tin VIP Bạc,41249680,https://batdongsan.com.vn/ban-nha-mat-pho-duong-3-2-2-phuong-14-5/ban-tien-3-2-co-be-ngang-hon-8-met-gia-re-t-con-nay-pr41249680,164 m²,68 tỷ,,,,,Sổ đỏ/ Sổ hồng,,"Bán nhà mặt tiền đường 3/2 có bề ngang hơn 8 mét, giá rẻ nhất con đường này","Đường 3/2, Phường 14, Quận 10, Hồ Chí Minh",,"8,2 m",Chưa Xác Thực,18/02/2025,25/02/2025,,
86,Tin VIP Bạc,36998286,https://batdongsan.com.vn/ban-nha-mat-pho-phuong-tan-thuan-tay-1/ban-can-ho-dich-vu-tien-ngay-trung-tam-quan-7-so-hong-rieng-da-hoan-cong-pr36998286,"291,5 m²",120 tỷ,,7 tầng,,,Sổ hồng,,"Bán căn hộ dịch vụ mặt tiền ngay trung tâm Quận 7, sổ hồng riêng đã hoàn công","Phường Tân Thuận Tây, Quận 7, Hồ Chí Minh",,14 m,TIN XÁC THỰC,18/02/2025,28/02/2025,,
87,Tin VIP Bạc,42195293,https://batdongsan.com.vn/ban-nha-mat-pho-duong-tran-nao-phuong-an-khanh/b-gap-36-ty-2-mt-p-khh-qu-2-5-3x29m-hdt-highlds-105tr-th-lh-pr42195293,70 m²,36 tỷ,,2 tầng,,,Sổ đỏ/ Sổ hồng,Cơ bản,Bán gấp 36 tỷ 2 MT Trần Não P. An Khánh Quận 2 5.3x29m HĐT HighLands 105tr/th. LH 0938 879 ***,"41, Đường Trần Não, Phường An Khánh, Quận 2, Hồ Chí Minh",40 m,"5,3 m",Chưa Xác Thực,18/02/2025,25/02/2025,,
88,Tin VIP Bạc,41654630,https://batdongsan.com.vn/ban-nha-mat-pho-duong-le-duc-tho-phuong-15-6/gv-ban-toa-160m2-26-phong-7-tang-thu-p-100-tr-thang-day-du-pccc-pr41654630,"159,2 m²","23,9 tỷ",,7 tầng,26 phòng,,Sổ đỏ/ Sổ hồng.,Đầy đủ.,"GV - bán tòa nhà 159.2m2, 26 phòng, 7 tầng, thu nhập 130 tr/tháng, đầy đủ PCCC","Đường Lê Đức Thọ, Phường 15, Gò Vấp, Hồ Chí Minh",,6 m,Chưa Xác Thực,18/02/2025,28/02/2025,26 phòng,
89,Tin VIP Bạc,42194235,https://batdongsan.com.vn/ban-nha-mat-pho-phuong-15-8/-tien-kinh-doanh-da-nganh-nghe-gia-hem-15-tan-binh-4x16m-no-hau-3-tang-7-8-ty-tl-pr42194235,65 m²,"7,8 tỷ",,3 tầng,3 phòng,,Sổ đỏ/ Sổ hồng,,Mặt tiền kinh doanh đa ngành nghề giá hẻm phường 15 Tân Bình - 4x16m nở hậu - 3 tầng - 7.8 tỷ TL,"Phường 15, Tân Bình, Hồ Chí Minh",8 m,4 m,Chưa Xác Thực,18/02/2025,25/02/2025,4 phòng,
90,Tin VIP Bạc,42194149,https://batdongsan.com.vn/ban-nha-mat-pho-duong-nguyen-van-nghi-phuong-1-21/chinh-chu-ban-gap-sieu-dep-5m-2-75-ty-tai-go-vap-pr42194149,65 m²,Thỏa thuận,,3 tầng,4 phòng,,Sổ đỏ/ Sổ hồng,,"Chính chủ bán gấp nhà mặt phố siêu đẹp 5m, tại Nguyễn Văn Nghi, Gò Vấp","Đường Nguyễn Văn Nghi, Phường 1, Gò Vấp, Hồ Chí Minh",,5 m,Chưa Xác Thực,18/02/2025,25/02/2025,3 phòng,
91,Tin VIP Bạc,42192952,https://batdongsan.com.vn/ban-nha-mat-pho-duong-vo-van-tan-phuong-vo-thi-sau/ban-ks-3sao-70p-10-tang-tien-trung-tam-q3-10x40-hdt-35k-gia-380ty-lam-viec-chinh-chu-pr42192952,391 m²,380 tỷ,Tây - Bắc,10 tầng,7 phòng,,,Đầy đủ,"Bán KS 3 sao 70P-10 tầng MT trung tâm Q3 (10x40)m, HĐT: 883,75 triệu giá 380 tỷ làm việc chính chủ","3A, Đường Võ Văn Tần, Phường Võ Thị Sáu, Quận 3, Hồ Chí Minh",,10 m,Chưa Xác Thực,17/02/2025,24/02/2025,,
92,Tin VIP Bạc,41411232,https://batdongsan.com.vn/ban-nha-mat-pho-duong-quach-dieu-xa-vinh-loc-a-1/ban-tien-5-tang-8-can-ho-dich-vu-1-bang-kinh-doanh-noi-that-cao-cap-day-du-gia-tot-pr41411232,85 m²,"7,5 tỷ",Bắc,5 tầng,8 phòng,,Sổ đỏ/ Sổ hồng,Đầy đủ,"Bán nhà mặt tiền 5 tầng 8 căn hộ dịch vụ, 1 mặt bằng kinh doanh, nội thất cao cấp đầy đủ, giá tốt","436, Đường Quách Điêu, Xã Vĩnh Lộc A, Bình Chánh, Hồ Chí Minh","11,5 m",5 m,Chưa Xác Thực,17/02/2025,24/02/2025,7 phòng,Bắc
93,Tin VIP Bạc,42192474,https://batdongsan.com.vn/ban-nha-mat-pho-duong-cong-hoa-phuong-13-10/chinh-chu-gui-ban-toa-6-tang-ngay-vi-tri-tien-khu-t3-dong-tien-250-trieu-thang-pr42192474,379 m²,85 tỷ,,6 tầng,45 phòng,,Sổ đỏ/ Sổ hồng,Đầy đủ,Chính chủ gửi bán tòa nhà 6 tầng ngay vị trí mặt tiền khu Cộng Hòa - T3 - dòng tiền 250 triệu/tháng,"Đường Cộng Hòa, Phường 13, Tân Bình, Hồ Chí Minh",12 m,19 m,Chưa Xác Thực,17/02/2025,24/02/2025,45 phòng,
94,Tin VIP Bạc,42192382,https://batdongsan.com.vn/ban-nha-mat-pho-duong-cau-xeo-phuong-tan-quy-2/mtkd-102-p-phu-doan-dep-ngay-go-dau-pr42192382,84 m²,"13,8 tỷ",Đông,1 tầng,1 phòng,,,,"MTKD 102 Cầu Xéo, P. Tân Quý - Tân Phú đoạn đẹp ngay Gò Dầu","102, Đường Cầu Xéo, Phường Tân Quý, Tân Phú, Hồ Chí Minh",20 m,7 m,Chưa Xác Thực,17/02/2025,24/02/2025,1 phòng,Đông
